Fund Name,TOPSIS Score,Rank
M5,0.6871144868333711,1
M8,0.6556009988603689,2
M3,0.5097641369777189,3
M6,0.4926308228689469,4
M2,0.46358989161015157,5
M1,0.42288748154859196,6
M7,0.3811003232488977,7
M4,0.3772324922749514,8
